Source,Target,Type,Weight
publico,corporacao,Undirected,3.00
publico,operam,Undirected,3.00
publico,registro,Undirected,2.00
publico,pesquisa,Undirected,8.00
publico,ator,Undirected,2.00
publico,rede,Undirected,4.00
publico,agencia,Undirected,3.00
publico,politicas,Undirected,2.00
publico,tecnologia,Undirected,2.00
publico,pesquisador,Undirected,2.00
publico,escolhas,Undirected,4.00
publico,metodo,Undirected,6.00
publico,cadeia,Undirected,2.00
producao,sistema,Undirected,3.00
producao,conhecimento,Undirected,21.00
producao,cientifico,Undirected,2.00
producao,processo,Undirected,2.00
producao,presenca,Undirected,2.00
producao,mediacao,Undirected,4.00
producao,significa,Undirected,6.00
producao,ciencia,Undirected,8.00
producao,sociais,Undirected,2.00
producao,modos,Undirected,2.00
producao,visiveis,Undirected,4.00
producao,instrumentos,Undirected,2.00
producao,actante,Undirected,10.00
producao,ferramenta,Undirected,2.00
producao,rede,Undirected,6.00
producao,precisamente,Undirected,2.00
producao,descreve,Undirected,2.00
producao,relacoes,Undirected,4.00
efeitos,composicao,Undirected,10.00
efeitos,produz,Undirected,6.00
efeitos,mundo,Undirected,12.00
efeitos,nocao,Undirected,4.00
efeitos,pergunta,Undirected,2.00
efeitos,rede,Undirected,4.00
efeitos,alienacao,Undirected,2.00
efeitos,responsabilidade,Undirected,4.00
efeitos,processo,Undirected,4.00
efeitos,escrita,Undirected,2.00
efeitos,associacao,Undirected,4.00
efeitos,produzem,Undirected,6.00
efeitos,campo,Undirected,6.00
efeitos,parcial,Undirected,4.00
efeitos,modelo,Undirected,2.00
efeitos,condicao,Undirected,4.00
efeitos,problemas,Undirected,2.00
efeitos,pesquisa,Undirected,4.00
narrativa,pesquisador,Undirected,8.00
narrativa,presente,Undirected,3.00
narrativa,marcelo,Undirected,5.00
narrativa,pratica,Undirected,2.00
narrativa,cientifico,Undirected,2.00
narrativa,associacao,Undirected,2.00
narrativa,constituem,Undirected,6.00
narrativa,etnografia,Undirected,6.00
narrativa,visiveis,Undirected,2.00
narrativa,diagrama,Undirected,2.00
narrativa,produz,Undirected,8.00
narrativa,objeto,Undirected,6.00
narrativa,actante,Undirected,2.00
narrativa,construcao,Undirected,2.00
narrativa,mediacao,Undirected,4.00
narrativa,revelou,Undirected,2.00
narrativa,rede,Undirected,2.00
resposta,humano,Undirected,4.00
resposta,politicas,Undirected,6.00
resposta,claude,Undirected,2.00
resposta,experiencia,Undirected,4.00
resposta,processo,Undirected,4.00
resposta,problemas,Undirected,4.00
resposta,pesquisa,Undirected,8.00
resposta,centro,Undirected,4.00
resposta,cientista,Undirected,4.00
resposta,sociais,Undirected,6.00
resposta,social,Undirected,4.00
resposta,tecnico,Undirected,6.00
resposta,letramento,Undirected,2.00
resposta,pergunta,Undirected,4.00
notas,decisao,Undirected,2.00
notas,corte,Undirected,3.00
notas,rede,Undirected,4.00
notas,pontos,Undirected,3.00
notas,pesquisador,Undirected,5.00
notas,diagrama,Undirected,11.00
notas,modelo,Undirected,4.00
notas,campo,Undirected,24.00
notas,linguagem,Undirected,2.00
notas,simultaneamente,Undirected,6.00
notas,instituicao,Undirected,2.00
notas,operam,Undirected,4.00
notas,registro,Undirected,6.00
escolhas,cortes,Undirected,2.00
escolhas,objeto,Undirected,7.00
escolhas,etnografia,Undirected,2.00
escolhas,metodo,Undirected,8.00
escolhas,modelo,Undirected,4.00
escolhas,simultaneamente,Undirected,4.00
escolhas,humano,Undirected,12.00
escolhas,entidades,Undirected,4.00
escolhas,claude,Undirected,4.00
escolhas,construcao,Undirected,2.00
escolhas,resultados,Undirected,2.00
escolhas,tecnicos,Undirected,4.00
escolhas,torna,Undirected,2.00
escolhas,latour,Undirected,2.00
negociacoes,campo,Undirected,2.00
negociacoes,projeto,Undirected,3.00
negociacoes,computacional,Undirected,6.00
negociacoes,produzem,Undirected,2.00
negociacoes,mediacoes,Undirected,4.00
negociacoes,interlocutores,Undirected,4.00
negociacoes,gesto,Undirected,2.00
negociacoes,nenhum,Undirected,2.00
negociacoes,metodo,Undirected,4.00
negociacoes,distintas,Undirected,2.00
negociacoes,cientifico,Undirected,6.00
negociacoes,ausencia,Undirected,4.00
negociacoes,serem,Undirected,4.00
negociacoes,compreender,Undirected,2.00
negociacoes,etnografia,Undirected,6.00
ciencia,cientista,Undirected,3.00
ciencia,latour,Undirected,18.00
ciencia,acao,Undirected,17.00
ciencia,sociais,Undirected,100.00
ciencia,tecnologia,Undirected,27.00
ciencia,significa,Undirected,9.00
ciencia,conhecimento,Undirected,13.00
ciencia,pessoas,Undirected,2.00
ciencia,humano,Undirected,3.00
ciencia,responsabilidade,Undirected,2.00
ciencia,presente,Undirected,7.00
ciencia,pratica,Undirected,2.00
ciencia,construcao,Undirected,41.00
ciencia,pesquisa,Undirected,21.00
ciencia,percurso,Undirected,2.00
ciencia,dado,Undirected,44.00
ciencia,condicao,Undirected,4.00
ciencia,analise,Undirected,2.00
ciencia,questao,Undirected,2.00
ciencia,condicoes,Undirected,6.00
ciencia,instrumentos,Undirected,8.00
ciencia,inscricao,Undirected,4.00
ciencia,colaboracao,Undirected,2.00
ciencia,diagrama,Undirected,4.00
ciencia,campo,Undirected,12.00
ciencia,pesquisador,Undirected,12.00
ciencia,experiencia,Undirected,4.00
ciencia,possibilidade,Undirected,4.00
ciencia,etnografia,Undirected,10.00
ciencia,computacao,Undirected,18.00
ciencia,politica,Undirected,34.00
ciencia,inteligencia,Undirected,4.00
ciencia,artificial,Undirected,8.00
ciencia,decisao,Undirected,2.00
ciencia,metodo,Undirected,4.00
ciencia,recursos,Undirected,14.00
ciencia,observacao,Undirected,4.00
ciencia,objeto,Undirected,14.00
ciencia,compreender,Undirected,2.00
ciencia,relacao,Undirected,2.00
ciencia,ferramentas,Undirected,4.00
ciencia,conceituais,Undirected,6.00
ciencia,problemas,Undirected,2.00
ciencia,torna,Undirected,12.00
ciencia,social,Undirected,14.00
ciencia,estatistica,Undirected,18.00
ciencia,pergunta,Undirected,8.00
ciencia,computacional,Undirected,4.00
ciencia,aliancas,Undirected,4.00
ciencia,permitiu,Undirected,2.00
ciencia,licao,Undirected,6.00
ciencia,parte,Undirected,6.00
ciencia,precisamente,Undirected,6.00
ciencia,presenca,Undirected,8.00
ciencia,modelo,Undirected,4.00
ciencia,tecnica,Undirected,10.00
ciencia,tornava,Undirected,2.00
ciencia,tecnociencia,Undirected,8.00
ciencia,termos,Undirected,4.00
ciencia,constitui,Undirected,4.00
ciencia,ponto,Undirected,2.00
ferramenta,categorias,Undirected,2.00
ferramenta,humano,Undirected,14.00
ferramenta,maquina,Undirected,4.00
ferramenta,termos,Undirected,4.00
ferramenta,relacao,Undirected,2.00
ferramenta,alienacao,Undirected,4.00
ferramenta,existencias,Undirected,2.00
ferramenta,modos,Undirected,2.00
ferramenta,codigo,Undirected,6.00
ferramenta,inteligencia,Undirected,6.00
ferramenta,artificial,Undirected,4.00
ferramenta,entrevistas,Undirected,2.00
ferramenta,permitiu,Undirected,6.00
ferramenta,rede,Undirected,4.00
ferramenta,pesquisa,Undirected,4.00
ferramenta,treinamento,Undirected,2.00
ferramenta,spira,Undirected,4.00
ferramenta,modelo,Undirected,6.00
computacional,cientifico,Undirected,2.00
computacional,infraestrutura,Undirected,24.00
computacional,corporacao,Undirected,11.00
computacional,distintas,Undirected,9.00
computacional,analise,Undirected,2.00
computacional,corte,Undirected,2.00
computacional,humano,Undirected,5.00
computacional,dado,Undirected,9.00
computacional,rede,Undirected,3.00
computacional,pratica,Undirected,3.00
computacional,tecnicas,Undirected,2.00
computacional,regra,Undirected,4.00
computacional,latour,Undirected,2.00
computacional,registro,Undirected,4.00
computacional,spira,Undirected,2.00
computacional,laboratorio,Undirected,4.00
computacional,objeto,Undirected,2.00
computacional,social,Undirected,6.00
computacional,pesquisa,Undirected,6.00
computacional,modelo,Undirected,6.00
computacional,politicas,Undirected,6.00
computacional,nenhum,Undirected,2.00
computacional,artificial,Undirected,2.00
opera,corte,Undirected,3.00
opera,acao,Undirected,2.00
opera,simetria,Undirected,10.00
opera,conteudo,Undirected,12.00
opera,visivel,Undirected,2.00
opera,mediacao,Undirected,6.00
opera,claude,Undirected,12.00
opera,epistemica,Undirected,8.00
opera,pesquisador,Undirected,18.00
opera,sociais,Undirected,6.00
opera,alienacao,Undirected,6.00
opera,simondon,Undirected,2.00
opera,composicao,Undirected,6.00
opera,faire,Undirected,10.00
opera,precisamente,Undirected,4.00
opera,responsabilidade,Undirected,2.00
opera,latour,Undirected,6.00
opera,regra,Undirected,6.00
opera,metodo,Undirected,4.00
opera,revelou,Undirected,4.00
opera,instituicao,Undirected,4.00
opera,letramento,Undirected,6.00
opera,social,Undirected,4.00
opera,tecnico,Undirected,2.00
categorias,composicao,Undirected,6.00
categorias,teoria,Undirected,6.00
categorias,ator,Undirected,4.00
categorias,rede,Undirected,2.00
categorias,social,Undirected,4.00
categorias,tecnico,Undirected,2.00
categorias,ponto,Undirected,4.00
fato,operam,Undirected,3.00
fato,conceito,Undirected,2.00
fato,humano,Undirected,2.00
fato,pesquisa,Undirected,8.00
fato,condicao,Undirected,2.00
fato,cientista,Undirected,6.00
fato,sociais,Undirected,6.00
fato,inteligencia,Undirected,6.00
fato,artificial,Undirected,4.00
escolha,claude,Undirected,12.00
escolha,constitui,Undirected,2.00
escolha,colaboracao,Undirected,2.00
escolha,generativa,Undirected,4.00
escolha,metodo,Undirected,24.00
escolha,parentesco,Undirected,2.00
escolha,possibilidade,Undirected,2.00
escolha,recusa,Undirected,4.00
escolha,pesquisa,Undirected,2.00
escolha,composicao,Undirected,4.00
escolha,inteligencia,Undirected,2.00
escolha,conteudo,Undirected,4.00
escolha,centro,Undirected,2.00
escolha,conceitos,Undirected,6.00
escolha,cientifico,Undirected,6.00
estatistica,mediacao,Undirected,6.00
estatistica,centro,Undirected,4.00
estatistica,pesquisador,Undirected,4.00
estatistica,maquina,Undirected,4.00
estatistica,dado,Undirected,12.00
estatistica,observacao,Undirected,2.00
estatistica,revelou,Undirected,6.00
estatistica,pesquisa,Undirected,4.00
estatistica,campo,Undirected,2.00
constituem,rede,Undirected,2.00
constituem,associacao,Undirected,16.00
constituem,descrever,Undirected,4.00
constituem,existencias,Undirected,2.00
constituem,claude,Undirected,6.00
constituem,existe,Undirected,4.00
constituem,politicas,Undirected,2.00
constituem,acesso,Undirected,6.00
constituem,percurso,Undirected,2.00
constituem,humano,Undirected,4.00
constituem,nocao,Undirected,4.00
constituem,simetria,Undirected,2.00
constituem,diagrama,Undirected,4.00
constituem,inscricao,Undirected,6.00
constituem,relacoes,Undirected,2.00
constituem,ideia,Undirected,4.00
constituem,etnografia,Undirected,6.00
constituem,campo,Undirected,2.00
constituem,metodo,Undirected,4.00
decisoes,rede,Undirected,2.00
decisoes,modelo,Undirected,10.00
decisoes,metodo,Undirected,6.00
decisoes,pratica,Undirected,2.00
decisoes,termos,Undirected,2.00
decisoes,descreve,Undirected,3.00
decisoes,existencia,Undirected,2.00
decisoes,parcial,Undirected,4.00
decisoes,humano,Undirected,30.00
decisoes,processo,Undirected,4.00
decisoes,construcao,Undirected,2.00
decisoes,linguagem,Undirected,2.00
decisoes,existe,Undirected,4.00
decisoes,latour,Undirected,2.00
decisoes,claude,Undirected,4.00
decisoes,objeto,Undirected,6.00
decisoes,dado,Undirected,2.00
decisoes,politicas,Undirected,4.00
decisoes,infraestrutura,Undirected,6.00
decisoes,pesquisa,Undirected,4.00
decisoes,conceituais,Undirected,8.00
decisoes,sistemas,Undirected,2.00
decisoes,epistemica,Undirected,4.00
decisoes,responsabilidade,Undirected,6.00
decisoes,maquina,Undirected,4.00
decisoes,instituicao,Undirected,2.00
decisoes,composicao,Undirected,4.00
decisoes,pesquisador,Undirected,6.00
decisoes,epistemologia,Undirected,6.00
etnografia,presente,Undirected,3.00
etnografia,registro,Undirected,3.00
etnografia,centro,Undirected,25.00
etnografia,inteligencia,Undirected,8.00
etnografia,artificial,Undirected,5.00
etnografia,objeto,Undirected,16.00
etnografia,tecnologia,Undirected,2.00
etnografia,descricao,Undirected,9.00
etnografia,metodo,Undirected,8.00
etnografia,pratica,Undirected,11.00
etnografia,pergunta,Undirected,8.00
etnografia,diferentes,Undirected,3.00
etnografia,cortes,Undirected,2.00
etnografia,simultaneamente,Undirected,3.00
etnografia,resultados,Undirected,2.00
etnografia,partir,Undirected,6.00
etnografia,claude,Undirected,10.00
etnografia,pesquisador,Undirected,2.00
etnografia,tornou,Undirected,2.00
etnografia,possibilidade,Undirected,10.00
etnografia,cadeia,Undirected,6.00
etnografia,spira,Undirected,2.00
etnografia,composicao,Undirected,4.00
etnografia,generativa,Undirected,4.00
etnografia,dado,Undirected,18.00
etnografia,pesquisa,Undirected,18.00
etnografia,condicao,Undirected,2.00
etnografia,conhecimento,Undirected,6.00
etnografia,mediacoes,Undirected,6.00
etnografia,tecnicas,Undirected,4.00
etnografia,campo,Undirected,2.00
etnografia,experiencia,Undirected,4.00
etnografia,entrevistas,Undirected,4.00
etnografia,visiveis,Undirected,4.00
etnografia,inscricao,Undirected,6.00
etnografia,codigo,Undirected,2.00
etnografia,modelo,Undirected,2.00
etnografia,relacoes,Undirected,8.00
etnografia,linguagem,Undirected,2.00
etnografia,tecnociencia,Undirected,4.00
etnografia,trata,Undirected,2.00
etnografia,condicoes,Undirected,4.00
etnografia,construcao,Undirected,12.00
etnografia,politica,Undirected,4.00
etnografia,laboratorio,Undirected,6.00
etnografia,revelou,Undirected,2.00
etnografia,rede,Undirected,12.00
etnografia,percurso,Undirected,6.00
etnografia,letramento,Undirected,6.00
etnografia,observacao,Undirected,12.00
etnografia,tecnico,Undirected,4.00
etnografia,licao,Undirected,6.00
etnografia,gesto,Undirected,2.00
etnografia,compreender,Undirected,4.00
conceito,metodo,Undirected,5.00
conceito,actante,Undirected,2.00
conceito,humano,Undirected,3.00
conceito,vocabulario,Undirected,2.00
conceito,parcial,Undirected,2.00
conceito,rede,Undirected,5.00
conceito,modos,Undirected,4.00
conceito,existencia,Undirected,6.00
conceito,ator,Undirected,6.00
conceito,teorico,Undirected,2.00
conceito,formulacoes,Undirected,4.00
conceito,tecnicos,Undirected,6.00
conceito,propoe,Undirected,10.00
conceito,inscricao,Undirected,12.00
conceito,laboratorio,Undirected,4.00
conceito,ideia,Undirected,2.00
conceito,diferentes,Undirected,2.00
alienacao,simondon,Undirected,14.00
alienacao,rede,Undirected,6.00
alienacao,tecnica,Undirected,24.00
alienacao,letramento,Undirected,4.00
alienacao,sistemas,Undirected,4.00
alienacao,tecnicos,Undirected,6.00
alienacao,sociais,Undirected,4.00
alienacao,precisamente,Undirected,2.00
ferramentas,generativa,Undirected,6.00
ferramentas,modelo,Undirected,6.00
ferramentas,aliancas,Undirected,2.00
ferramentas,maquina,Undirected,4.00
ferramentas,dado,Undirected,2.00
ferramentas,familiaridade,Undirected,4.00
ferramentas,campo,Undirected,4.00
ferramentas,pesquisador,Undirected,6.00
ferramentas,inteligencia,Undirected,6.00
ferramentas,artificial,Undirected,4.00
ferramentas,trata,Undirected,2.00
ferramentas,tecnologia,Undirected,4.00
ferramentas,conceituais,Undirected,6.00
ferramentas,sociais,Undirected,2.00
maquina,problemas,Undirected,2.00
maquina,computacao,Undirected,3.00
maquina,existencias,Undirected,4.00
maquina,parciais,Undirected,6.00
maquina,composicao,Undirected,4.00
maquina,humano,Undirected,50.00
maquina,artificial,Undirected,4.00
maquina,conceitos,Undirected,2.00
maquina,linguagem,Undirected,2.00
maquina,pensamento,Undirected,8.00
maquina,escrita,Undirected,6.00
maquina,agencia,Undirected,6.00
maquina,distribuida,Undirected,4.00
maquina,sistemas,Undirected,2.00
maquina,vocabulario,Undirected,8.00
maquina,entidades,Undirected,18.00
maquina,conversa,Undirected,2.00
maquina,pratica,Undirected,6.00
maquina,pergunta,Undirected,6.00
maquina,operam,Undirected,4.00
maquina,ontologia,Undirected,6.00
maquina,latour,Undirected,4.00
maquina,precisamente,Undirected,10.00
maquina,ponto,Undirected,6.00
maquina,trata,Undirected,2.00
maquina,aliancas,Undirected,6.00
maquina,termos,Undirected,2.00
tecnica,rede,Undirected,4.00
tecnica,letramento,Undirected,6.00
tecnica,simondon,Undirected,6.00
tecnica,sistemas,Undirected,2.00
tecnica,precisamente,Undirected,4.00
tecnica,pesquisador,Undirected,4.00
tecnica,mediacao,Undirected,6.00
tecnica,modelo,Undirected,6.00
tecnica,condicoes,Undirected,4.00
tecnica,epistemica,Undirected,4.00
tecnica,social,Undirected,6.00
tecnica,associacao,Undirected,6.00
tecnica,licao,Undirected,2.00
tecnica,permitiu,Undirected,6.00
tecnica,trata,Undirected,4.00
tecnica,instituicao,Undirected,2.00
tecnica,colaboracao,Undirected,4.00
tecnica,vocabulario,Undirected,4.00
tecnica,campo,Undirected,4.00
tecnica,linguagem,Undirected,12.00
tecnica,epistemologia,Undirected,2.00
tecnica,parte,Undirected,2.00
tecnica,politica,Undirected,2.00
tecnica,termos,Undirected,6.00
tecnica,tecnociencia,Undirected,4.00
construcao,presente,Undirected,2.00
construcao,pratica,Undirected,6.00
construcao,pesquisa,Undirected,24.00
construcao,pesquisador,Undirected,8.00
construcao,projetos,Undirected,3.00
construcao,ausencia,Undirected,2.00
construcao,instituicao,Undirected,3.00
construcao,rede,Undirected,13.00
construcao,multiplicidade,Undirected,2.00
construcao,humano,Undirected,4.00
construcao,dado,Undirected,4.00
construcao,treinamento,Undirected,2.00
construcao,modelo,Undirected,10.00
construcao,processo,Undirected,6.00
construcao,linguagem,Undirected,6.00
construcao,parentesco,Undirected,6.00
construcao,claude,Undirected,4.00
construcao,constitui,Undirected,2.00
construcao,modos,Undirected,6.00
construcao,existencia,Undirected,4.00
construcao,escrita,Undirected,2.00
construcao,relacao,Undirected,4.00
construcao,experiencia,Undirected,4.00
construcao,inteligencia,Undirected,12.00
construcao,artificial,Undirected,14.00
construcao,actante,Undirected,2.00
construcao,diagrama,Undirected,6.00
construcao,inscricao,Undirected,4.00
construcao,possibilidade,Undirected,2.00
construcao,simetria,Undirected,2.00
construcao,acao,Undirected,4.00
construcao,latour,Undirected,2.00
construcao,significa,Undirected,6.00
construcao,laboratorio,Undirected,2.00
construcao,observacao,Undirected,2.00
construcao,acesso,Undirected,2.00
construcao,associacao,Undirected,4.00
construcao,ator,Undirected,2.00
construcao,relacoes,Undirected,4.00
construcao,centro,Undirected,8.00
construcao,sistema,Undirected,6.00
construcao,sociais,Undirected,4.00
construcao,problemas,Undirected,6.00
problema,teorico,Undirected,6.00
problema,rede,Undirected,2.00
problema,metodo,Undirected,4.00
problema,centro,Undirected,2.00
problema,acesso,Undirected,6.00
problema,epistemologia,Undirected,4.00
problema,precisamente,Undirected,2.00
problema,parentesco,Undirected,6.00
problema,existencias,Undirected,2.00
problema,mediacao,Undirected,2.00
problema,partir,Undirected,4.00
problema,trata,Undirected,4.00
problema,relacao,Undirected,4.00
problema,gesto,Undirected,2.00
problema,propoe,Undirected,6.00
problema,conceitos,Undirected,4.00
problema,spira,Undirected,6.00
problema,objeto,Undirected,4.00
problema,tecnico,Undirected,6.00
problema,inteligencia,Undirected,4.00
problema,artificial,Undirected,6.00
problema,letramento,Undirected,6.00
problema,torna,Undirected,2.00
ausencia,presente,Undirected,2.00
ausencia,corporacao,Undirected,3.00
ausencia,pratica,Undirected,4.00
ausencia,projetos,Undirected,3.00
ausencia,observacao,Undirected,2.00
ausencia,presenca,Undirected,23.00
ausencia,temporal,Undirected,2.00
ausencia,campo,Undirected,6.00
ausencia,pesquisa,Undirected,2.00
ausencia,metodo,Undirected,2.00
ausencia,revelou,Undirected,2.00
ausencia,computacao,Undirected,4.00
ausencia,instituicao,Undirected,4.00
ausencia,colaboracao,Undirected,2.00
ausencia,modelo,Undirected,4.00
objeto,mundo,Undirected,10.00
objeto,latour,Undirected,9.00
objeto,pergunta,Undirected,11.00
objeto,tecnologia,Undirected,2.00
objeto,torna,Undirected,9.00
objeto,tecnicos,Undirected,20.00
objeto,tecnico,Undirected,6.00
objeto,instituicao,Undirected,3.00
objeto,rede,Undirected,7.00
objeto,vocabulario,Undirected,6.00
objeto,tornou,Undirected,3.00
objeto,relacao,Undirected,8.00
objeto,visivel,Undirected,3.00
objeto,corte,Undirected,4.00
objeto,produz,Undirected,10.00
objeto,diferentes,Undirected,13.00
objeto,pratica,Undirected,11.00
objeto,distintas,Undirected,3.00
objeto,possibilidade,Undirected,3.00
objeto,produzem,Undirected,4.00
objeto,versoes,Undirected,2.00
objeto,relacoes,Undirected,4.00
objeto,centro,Undirected,3.00
objeto,projeto,Undirected,2.00
objeto,claude,Undirected,32.00
objeto,modelo,Undirected,8.00
objeto,politicas,Undirected,2.00
objeto,colaboracao,Undirected,2.00
objeto,existe,Undirected,6.00
objeto,multiplicidade,Undirected,6.00
objeto,ontologia,Undirected,10.00
objeto,condicao,Undirected,4.00
objeto,nenhum,Undirected,4.00
objeto,simultaneamente,Undirected,2.00
objeto,escrita,Undirected,6.00
objeto,metodo,Undirected,4.00
objeto,conhecimento,Undirected,2.00
objeto,diagrama,Undirected,6.00
objeto,instrumentos,Undirected,4.00
objeto,analise,Undirected,6.00
objeto,composicao,Undirected,4.00
objeto,pesquisador,Undirected,10.00
objeto,modos,Undirected,6.00
objeto,pesquisa,Undirected,16.00
objeto,inteligencia,Undirected,2.00
objeto,spira,Undirected,6.00
objeto,existencias,Undirected,2.00
objeto,social,Undirected,16.00
objeto,sistemas,Undirected,2.00
objeto,sociais,Undirected,6.00
objeto,laboratorio,Undirected,6.00
generativa,inteligencia,Undirected,8.00
generativa,artificial,Undirected,12.00
generativa,significa,Undirected,2.00
generativa,agencia,Undirected,2.00
generativa,distribuida,Undirected,4.00
generativa,sistemas,Undirected,12.00
generativa,claude,Undirected,10.00
generativa,tecnicos,Undirected,2.00
generativa,ideia,Undirected,6.00
generativa,campo,Undirected,2.00
generativa,colaboracao,Undirected,6.00
generativa,metodo,Undirected,4.00
generativa,partir,Undirected,4.00
generativa,pratica,Undirected,4.00
generativa,escrita,Undirected,2.00
generativa,composicao,Undirected,6.00
generativa,dado,Undirected,6.00
generativa,pesquisa,Undirected,4.00
compreender,mundo,Undirected,2.00
compreender,teorico,Undirected,4.00
compreender,capaz,Undirected,6.00
compreender,pessoas,Undirected,6.00
compreender,sistemas,Undirected,10.00
compreender,inteligencia,Undirected,4.00
compreender,artificial,Undirected,2.00
compreender,tecnico,Undirected,2.00
compreender,tornava,Undirected,4.00
compreender,pesquisador,Undirected,6.00
compreender,letramento,Undirected,6.00
compreender,instrumentos,Undirected,6.00
compreender,responsabilidade,Undirected,6.00
compreender,computacao,Undirected,2.00
compreender,latour,Undirected,4.00
compreender,interlocutores,Undirected,6.00
compreender,termos,Undirected,4.00
compreender,tecnologia,Undirected,2.00
compreender,campo,Undirected,4.00
capaz,teorico,Undirected,6.00
capaz,pessoas,Undirected,4.00
capaz,sistemas,Undirected,2.00
capaz,actante,Undirected,2.00
capaz,teria,Undirected,6.00
capaz,faire,Undirected,6.00
capaz,nocao,Undirected,2.00
capaz,tecnologia,Undirected,6.00
capaz,conhecimento,Undirected,2.00
capaz,relacoes,Undirected,4.00
capaz,questao,Undirected,4.00
processo,pesquisa,Undirected,3.00
processo,inscricao,Undirected,2.00
processo,entrevistas,Undirected,2.00
processo,humano,Undirected,2.00
processo,modelo,Undirected,10.00
processo,linguagem,Undirected,2.00
processo,constitui,Undirected,4.00
processo,composicao,Undirected,16.00
processo,produz,Undirected,6.00
processo,escrita,Undirected,10.00
processo,relacao,Undirected,4.00
processo,nenhum,Undirected,2.00
processo,formulacoes,Undirected,2.00
processo,metodo,Undirected,4.00
processo,inteligencia,Undirected,4.00
processo,artificial,Undirected,6.00
processo,rede,Undirected,2.00
processo,letramento,Undirected,6.00
processo,revelou,Undirected,6.00
processo,relacoes,Undirected,4.00
processo,campo,Undirected,2.00
cientista,laboratorio,Undirected,25.00
cientista,pesquisa,Undirected,7.00
cientista,acao,Undirected,2.00
cientista,aliancas,Undirected,2.00
cientista,interlocutores,Undirected,3.00
cientista,significa,Undirected,6.00
cientista,social,Undirected,24.00
cientista,tecnico,Undirected,8.00
cientista,inteligencia,Undirected,4.00
cientista,computacao,Undirected,38.00
cientista,pesquisador,Undirected,2.00
cientista,sociais,Undirected,50.00
cientista,artificial,Undirected,2.00
cientista,conhecimento,Undirected,2.00
cientista,pergunta,Undirected,4.00
cientista,spira,Undirected,2.00
cientista,ideia,Undirected,2.00
cientista,campo,Undirected,6.00
cientista,observacao,Undirected,6.00
cientista,modelo,Undirected,2.00
cientista,colaboracao,Undirected,2.00
cientista,presenca,Undirected,6.00
cientista,projeto,Undirected,2.00
cientista,decisao,Undirected,2.00
cientista,letramento,Undirected,4.00
humano,responsabilidade,Undirected,7.00
humano,instituicao,Undirected,9.00
humano,rede,Undirected,12.00
humano,actante,Undirected,13.00
humano,dado,Undirected,8.00
humano,artificial,Undirected,2.00
humano,simetria,Undirected,4.00
humano,termos,Undirected,12.00
humano,simultaneamente,Undirected,12.00
humano,entidades,Undirected,26.00
humano,parcial,Undirected,18.00
humano,produz,Undirected,2.00
humano,existencia,Undirected,22.00
humano,linguagem,Undirected,10.00
humano,pensamento,Undirected,4.00
humano,escrita,Undirected,2.00
humano,claude,Undirected,4.00
humano,modelo,Undirected,8.00
humano,operam,Undirected,6.00
humano,conceituais,Undirected,2.00
humano,distintas,Undirected,6.00
humano,precisamente,Undirected,6.00
humano,pesquisador,Undirected,2.00
humano,existe,Undirected,2.00
humano,latour,Undirected,4.00
humano,conhecimento,Undirected,10.00
humano,epistemologia,Undirected,2.00
humano,simondon,Undirected,2.00
humano,produzem,Undirected,10.00
humano,resultados,Undirected,6.00
humano,associacao,Undirected,6.00
humano,recursos,Undirected,10.00
humano,existencias,Undirected,4.00
humano,parciais,Undirected,2.00
humano,infraestrutura,Undirected,6.00
humano,colaboracao,Undirected,6.00
humano,conteudo,Undirected,2.00
humano,ontologia,Undirected,2.00
humano,pontos,Undirected,6.00
humano,spira,Undirected,2.00
humano,composicao,Undirected,2.00
humano,sistemas,Undirected,2.00
humano,mundo,Undirected,2.00
simultaneamente,modelo,Undirected,8.00
simultaneamente,diferentes,Undirected,3.00
simultaneamente,escrita,Undirected,4.00
simultaneamente,campo,Undirected,4.00
simultaneamente,actante,Undirected,2.00
simultaneamente,pontos,Undirected,6.00
simultaneamente,rede,Undirected,6.00
simultaneamente,teria,Undirected,6.00
simultaneamente,cientifico,Undirected,2.00
simultaneamente,agencia,Undirected,2.00
mediacoes,rede,Undirected,14.00
mediacoes,pesquisador,Undirected,2.00
mediacoes,existe,Undirected,4.00
mediacoes,tecnicas,Undirected,18.00
mediacoes,modelo,Undirected,2.00
mediacoes,tornou,Undirected,6.00
mediacoes,agencia,Undirected,4.00
mediacoes,experiencia,Undirected,4.00
mediacoes,conhecimento,Undirected,4.00
mediacoes,modos,Undirected,2.00
mediacoes,decisao,Undirected,4.00
mediacoes,resultados,Undirected,4.00
mediacoes,distribuida,Undirected,4.00
mediacoes,cadeia,Undirected,6.00
mediacoes,actante,Undirected,6.00
mediacoes,inteligencia,Undirected,2.00
mediacoes,artificial,Undirected,4.00
instrumentos,pensamento,Undirected,8.00
instrumentos,cadeia,Undirected,2.00
instrumentos,agencia,Undirected,4.00
instrumentos,conhecimento,Undirected,4.00
instrumentos,inscricao,Undirected,18.00
instrumentos,colaboracao,Undirected,4.00
instrumentos,pesquisa,Undirected,2.00
instrumentos,teorico,Undirected,2.00
instrumentos,laboratorio,Undirected,10.00
instrumentos,cientifico,Undirected,2.00
instrumentos,mundo,Undirected,4.00
instrumentos,entidades,Undirected,2.00
instrumentos,argumento,Undirected,6.00
instrumentos,termos,Undirected,2.00
instrumentos,conteudo,Undirected,4.00
instrumentos,rede,Undirected,4.00
instrumentos,diagrama,Undirected,6.00
instrumentos,analise,Undirected,6.00
instrumentos,associacao,Undirected,6.00
instrumentos,ponto,Undirected,4.00
instrumentos,torna,Undirected,4.00
parentesco,precisamente,Undirected,4.00
parentesco,metodo,Undirected,4.00
parentesco,problemas,Undirected,4.00
parentesco,sociais,Undirected,2.00
parentesco,condicoes,Undirected,4.00
parentesco,claude,Undirected,6.00
parentesco,constitui,Undirected,4.00
parentesco,termos,Undirected,2.00
parentesco,trata,Undirected,6.00
visiveis,temporal,Undirected,2.00
visiveis,torna,Undirected,10.00
visiveis,pontos,Undirected,6.00
visiveis,composicao,Undirected,2.00
visiveis,tecnicas,Undirected,2.00
visiveis,modos,Undirected,6.00
visiveis,conhecimento,Undirected,2.00
visiveis,dado,Undirected,2.00
visiveis,colaboracao,Undirected,4.00
visiveis,cientifico,Undirected,2.00
visiveis,campo,Undirected,2.00
visiveis,analise,Undirected,2.00
visiveis,actante,Undirected,2.00
visiveis,relacoes,Undirected,6.00
visiveis,modelo,Undirected,4.00
visiveis,pesquisa,Undirected,2.00
instituicao,torna,Undirected,2.00
instituicao,rede,Undirected,20.00
instituicao,ontologia,Undirected,2.00
instituicao,actante,Undirected,3.00
instituicao,pesquisa,Undirected,11.00
instituicao,pratica,Undirected,5.00
instituicao,cientifico,Undirected,2.00
instituicao,aliancas,Undirected,6.00
instituicao,infraestrutura,Undirected,20.00
instituicao,pesquisador,Undirected,9.00
instituicao,marcelo,Undirected,2.00
instituicao,parte,Undirected,2.00
instituicao,campo,Undirected,10.00
instituicao,entrevistas,Undirected,4.00
instituicao,percurso,Undirected,6.00
instituicao,cadeia,Undirected,4.00
instituicao,revelou,Undirected,4.00
instituicao,colaboracao,Undirected,6.00
instituicao,letramento,Undirected,6.00
instituicao,associacao,Undirected,4.00
instituicao,modelo,Undirected,2.00
pontos,cortes,Undirected,2.00
pontos,pesquisador,Undirected,10.00
pontos,modelo,Undirected,6.00
pontos,percurso,Undirected,6.00
pontos,termos,Undirected,4.00
pontos,torna,Undirected,4.00
pontos,composicao,Undirected,4.00
pontos,rede,Undirected,10.00
epistemologia,latour,Undirected,4.00
epistemologia,acesso,Undirected,6.00
epistemologia,multiplicidade,Undirected,4.00
epistemologia,ontologia,Undirected,2.00
epistemologia,regra,Undirected,2.00
epistemologia,metodo,Undirected,4.00
epistemologia,decisao,Undirected,6.00
epistemologia,centro,Undirected,4.00
torna,latour,Undirected,7.00
torna,pergunta,Undirected,2.00
torna,tecnologia,Undirected,3.00
torna,tecnico,Undirected,8.00
torna,rede,Undirected,3.00
torna,corte,Undirected,5.00
torna,presente,Undirected,9.00
torna,campo,Undirected,2.00
torna,cortes,Undirected,3.00
torna,relacoes,Undirected,2.00
torna,agencia,Undirected,4.00
torna,distribuida,Undirected,6.00
torna,ator,Undirected,8.00
torna,operacao,Undirected,4.00
torna,visivel,Undirected,6.00
torna,diagrama,Undirected,2.00
torna,letramento,Undirected,4.00
torna,pesquisa,Undirected,4.00
torna,social,Undirected,10.00
torna,recursos,Undirected,2.00
torna,infraestrutura,Undirected,4.00
existe,composicao,Undirected,2.00
existe,parcial,Undirected,4.00
existe,pesquisador,Undirected,8.00
existe,tecnicas,Undirected,2.00
existe,modelo,Undirected,4.00
existe,linguagem,Undirected,6.00
existe,claude,Undirected,30.00
existe,treinamento,Undirected,6.00
existe,pratica,Undirected,4.00
existe,produzem,Undirected,4.00
existe,laboratorio,Undirected,6.00
existe,conversa,Undirected,4.00
existe,multiplicidade,Undirected,6.00
existe,mundo,Undirected,4.00
existe,tecnologia,Undirected,6.00
cortes,presente,Undirected,3.00
cortes,corte,Undirected,2.00
cortes,modos,Undirected,2.00
cortes,rede,Undirected,8.00
cortes,pratica,Undirected,3.00
cortes,operam,Undirected,3.00
cortes,ontologia,Undirected,3.00
cortes,associacao,Undirected,2.00
cortes,temporal,Undirected,3.00
cortes,presenca,Undirected,2.00
cortes,campo,Undirected,3.00
cortes,produzem,Undirected,2.00
sistemas,modelo,Undirected,2.00
sistemas,pessoas,Undirected,6.00
sistemas,composicao,Undirected,2.00
sistemas,agencia,Undirected,4.00
sistemas,distribuida,Undirected,6.00
sistemas,claude,Undirected,4.00
sistemas,ontologia,Undirected,2.00
sistemas,multiplicidade,Undirected,2.00
sistemas,precisamente,Undirected,6.00
sistemas,tecnicos,Undirected,2.00
sistemas,sociais,Undirected,10.00
sistemas,politicas,Undirected,6.00
sistemas,interlocutores,Undirected,2.00
sistemas,significa,Undirected,4.00
sistemas,operam,Undirected,6.00
sistemas,pesquisa,Undirected,4.00
sistemas,responsabilidade,Undirected,4.00
sistemas,computacao,Undirected,4.00
sistemas,pesquisador,Undirected,4.00
sistemas,social,Undirected,2.00
campo,ideia,Undirected,5.00
campo,dado,Undirected,5.00
campo,entrevistas,Undirected,5.00
campo,metodo,Undirected,6.00
campo,presenca,Undirected,5.00
campo,relacoes,Undirected,9.00
campo,percurso,Undirected,6.00
campo,pesquisador,Undirected,16.00
campo,modelo,Undirected,2.00
campo,diagrama,Undirected,4.00
campo,simondon,Undirected,2.00
campo,mundo,Undirected,4.00
campo,actante,Undirected,4.00
campo,claude,Undirected,12.00
campo,codigo,Undirected,2.00
campo,pesquisa,Undirected,16.00
campo,parciais,Undirected,4.00
campo,inteligencia,Undirected,8.00
campo,artificial,Undirected,6.00
campo,laboratorio,Undirected,4.00
campo,revelou,Undirected,10.00
campo,centro,Undirected,2.00
campo,licao,Undirected,4.00
campo,conhecimento,Undirected,12.00
campo,familiaridade,Undirected,6.00
campo,permitiu,Undirected,16.00
campo,simetria,Undirected,2.00
campo,constitui,Undirected,2.00
campo,decisao,Undirected,2.00
campo,tecnologia,Undirected,10.00
campo,teoria,Undirected,4.00
campo,ator,Undirected,2.00
campo,serem,Undirected,2.00
campo,condicao,Undirected,8.00
campo,latour,Undirected,6.00
campo,pratica,Undirected,4.00
campo,partir,Undirected,6.00
campo,linguagem,Undirected,6.00
campo,pergunta,Undirected,4.00
campo,observacao,Undirected,6.00
campo,computacao,Undirected,2.00
campo,descreve,Undirected,4.00
campo,parte,Undirected,6.00
campo,politica,Undirected,12.00
campo,tornava,Undirected,10.00
campo,visivel,Undirected,4.00
campo,tecnociencia,Undirected,2.00
campo,rede,Undirected,2.00
pessoas,teorico,Undirected,2.00
pessoas,serem,Undirected,2.00
pessoas,latour,Undirected,4.00
pessoas,descricao,Undirected,6.00
pessoas,modelo,Undirected,4.00
treinamento,dado,Undirected,28.00
treinamento,rede,Undirected,2.00
treinamento,pratica,Undirected,2.00
treinamento,claude,Undirected,18.00
treinamento,modelo,Undirected,10.00
treinamento,acesso,Undirected,2.00
treinamento,metodo,Undirected,4.00
treinamento,marcelo,Undirected,4.00
treinamento,spira,Undirected,6.00
politicas,corporacao,Undirected,4.00
politicas,computacao,Undirected,6.00
politicas,cientifico,Undirected,12.00
politicas,metodo,Undirected,3.00
politicas,questao,Undirected,3.00
politicas,aliancas,Undirected,2.00
politicas,existencia,Undirected,2.00
politicas,marcelo,Undirected,2.00
politicas,tecnologia,Undirected,2.00
politicas,infraestrutura,Undirected,4.00
politicas,acesso,Undirected,4.00
politicas,versoes,Undirected,2.00
politicas,relacao,Undirected,2.00
politicas,sociais,Undirected,6.00
politicas,modelo,Undirected,4.00
politicas,nenhum,Undirected,4.00
projeto,tecnicos,Undirected,2.00
projeto,cientifico,Undirected,2.00
projeto,spira,Undirected,9.00
projeto,pesquisador,Undirected,4.00
projeto,claude,Undirected,2.00
projeto,tecnico,Undirected,4.00
projeto,pesquisa,Undirected,10.00
projeto,colaboracao,Undirected,2.00
projeto,centro,Undirected,6.00
projeto,significa,Undirected,6.00
tecnicos,modelo,Undirected,2.00
tecnicos,conceitos,Undirected,6.00
tecnicos,vocabulario,Undirected,4.00
tecnicos,latour,Undirected,4.00
tecnicos,modos,Undirected,2.00
permitiu,registro,Undirected,2.00
permitiu,rede,Undirected,2.00
permitiu,observacao,Undirected,2.00
permitiu,familiaridade,Undirected,4.00
permitiu,simetria,Undirected,4.00
permitiu,metodo,Undirected,2.00
permitiu,trata,Undirected,6.00
permitiu,letramento,Undirected,6.00
permitiu,licao,Undirected,4.00
licao,pergunta,Undirected,4.00
licao,pesquisa,Undirected,16.00
licao,inteligencia,Undirected,2.00
licao,familiaridade,Undirected,4.00
licao,conhecimento,Undirected,6.00
licao,letramento,Undirected,4.00
licao,tecnico,Undirected,2.00
licao,pratica,Undirected,2.00
licao,questao,Undirected,4.00
licao,pesquisador,Undirected,6.00
licao,social,Undirected,2.00
licao,argumento,Undirected,6.00
licao,descreve,Undirected,4.00
licao,politica,Undirected,4.00
corte,rede,Undirected,9.00
corte,conteudo,Undirected,2.00
corte,condicoes,Undirected,2.00
corte,pesquisador,Undirected,2.00
corte,marcelo,Undirected,3.00
corte,pesquisa,Undirected,4.00
corte,produz,Undirected,5.00
corte,descricao,Undirected,3.00
corte,descreve,Undirected,3.00
corte,temporal,Undirected,6.00
corte,presente,Undirected,3.00
corte,diferentes,Undirected,3.00
corte,actante,Undirected,2.00
corte,vocabulario,Undirected,6.00
corte,operacao,Undirected,6.00
corte,pergunta,Undirected,2.00
associacao,percurso,Undirected,2.00
associacao,agencia,Undirected,4.00
associacao,mundo,Undirected,3.00
associacao,inscricao,Undirected,2.00
associacao,ator,Undirected,7.00
associacao,entidades,Undirected,2.00
associacao,descrever,Undirected,2.00
associacao,acao,Undirected,4.00
associacao,tornou,Undirected,4.00
associacao,nocao,Undirected,2.00
associacao,actante,Undirected,16.00
associacao,produzem,Undirected,6.00
associacao,rede,Undirected,12.00
associacao,pesquisa,Undirected,8.00
associacao,social,Undirected,4.00
associacao,teoria,Undirected,2.00
associacao,precisamente,Undirected,2.00
associacao,laboratorio,Undirected,4.00
associacao,cadeia,Undirected,6.00
associacao,tornava,Undirected,6.00
associacao,distribuida,Undirected,2.00
associacao,pesquisador,Undirected,6.00
associacao,infraestrutura,Undirected,2.00
associacao,decisao,Undirected,4.00
actante,ontologia,Undirected,5.00
actante,rede,Undirected,10.00
actante,partir,Undirected,3.00
actante,parte,Undirected,2.00
actante,latour,Undirected,2.00
actante,mundo,Undirected,2.00
actante,descreve,Undirected,2.00
actante,agencia,Undirected,6.00
actante,composicao,Undirected,22.00
actante,responsabilidade,Undirected,2.00
actante,acao,Undirected,10.00
actante,produzem,Undirected,4.00
actante,resultados,Undirected,4.00
actante,nenhum,Undirected,6.00
actante,teria,Undirected,4.00
actante,recursos,Undirected,4.00
actante,pesquisador,Undirected,4.00
actante,epistemica,Undirected,6.00
actante,modelo,Undirected,4.00
actante,linguagem,Undirected,2.00
actante,claude,Undirected,6.00
actante,escrita,Undirected,2.00
actante,metodo,Undirected,2.00
actante,experiencia,Undirected,2.00
actante,conhecimento,Undirected,2.00
actante,relacoes,Undirected,6.00
actante,analise,Undirected,4.00
actante,pratica,Undirected,4.00
actante,distribuida,Undirected,2.00
actante,cadeia,Undirected,4.00
actante,nocao,Undirected,2.00
actante,produz,Undirected,6.00
actante,termos,Undirected,4.00
actante,condicoes,Undirected,2.00
actante,precisamente,Undirected,4.00
partir,rede,Undirected,2.00
partir,parcial,Undirected,2.00
partir,teoria,Undirected,2.00
partir,latour,Undirected,6.00
partir,diagrama,Undirected,6.00
partir,tecnologia,Undirected,2.00
partir,simondon,Undirected,6.00
partir,tecnico,Undirected,2.00
ponto,rede,Undirected,11.00
ponto,descricao,Undirected,3.00
ponto,metodo,Undirected,3.00
ponto,latour,Undirected,4.00
ponto,revelou,Undirected,2.00
ponto,ator,Undirected,4.00
ponto,centro,Undirected,2.00
ponto,parte,Undirected,2.00
ponto,analise,Undirected,4.00
ponto,percurso,Undirected,4.00
ponto,pesquisa,Undirected,2.00
ponto,politica,Undirected,4.00
problemas,mediacao,Undirected,4.00
problemas,composicao,Undirected,6.00
problemas,produz,Undirected,4.00
problemas,condicao,Undirected,2.00
problemas,acesso,Undirected,6.00
problemas,vocabulario,Undirected,4.00
problemas,termos,Undirected,6.00
problemas,pesquisador,Undirected,4.00
problemas,sociais,Undirected,6.00
problemas,pesquisa,Undirected,12.00
problemas,escrita,Undirected,2.00
sistema,responsabilidade,Undirected,2.00
sistema,conhecimento,Undirected,2.00
sistema,tecnico,Undirected,6.00
sistema,modelo,Undirected,6.00
sistema,termos,Undirected,6.00
sistema,existencia,Undirected,4.00
sistema,parcial,Undirected,2.00
sistema,modos,Undirected,2.00
sistema,argumento,Undirected,6.00
sistema,referencias,Undirected,2.00
sistema,pesquisador,Undirected,2.00
descreve,diagrama,Undirected,3.00
descreve,rede,Undirected,10.00
descreve,produz,Undirected,2.00
descreve,existencia,Undirected,7.00
descreve,pratica,Undirected,4.00
descreve,termos,Undirected,3.00
descreve,metodo,Undirected,2.00
descreve,pesquisa,Undirected,5.00
descreve,latour,Undirected,11.00
descreve,parcial,Undirected,6.00
descreve,entidades,Undirected,6.00
descreve,agencia,Undirected,4.00
descreve,distribuida,Undirected,12.00
descreve,composicao,Undirected,4.00
descreve,vocabulario,Undirected,2.00
descreve,pensamento,Undirected,6.00
descreve,faire,Undirected,10.00
descreve,pesquisador,Undirected,2.00
descreve,ator,Undirected,2.00
descreve,precisamente,Undirected,6.00
argumento,vocabulario,Undirected,2.00
argumento,faire,Undirected,2.00
argumento,propoe,Undirected,2.00
argumento,pesquisador,Undirected,6.00
argumento,modelo,Undirected,6.00
argumento,latour,Undirected,6.00
argumento,pensamento,Undirected,4.00
argumento,produz,Undirected,6.00
argumento,modos,Undirected,4.00
argumento,teorico,Undirected,6.00
argumento,composicao,Undirected,6.00
argumento,colaboracao,Undirected,4.00
corporacao,operam,Undirected,2.00
corporacao,projetos,Undirected,2.00
corporacao,infraestrutura,Undirected,6.00
corporacao,computacao,Undirected,2.00
corporacao,pesquisa,Undirected,5.00
corporacao,cientifico,Undirected,6.00
corporacao,tecnologia,Undirected,9.00
corporacao,diferentes,Undirected,2.00
corporacao,relacao,Undirected,3.00
corporacao,laboratorio,Undirected,2.00
corporacao,pesquisador,Undirected,2.00
corporacao,teria,Undirected,6.00
corporacao,pergunta,Undirected,2.00
corporacao,parte,Undirected,6.00
corporacao,epistemica,Undirected,4.00
existencia,diferentes,Undirected,6.00
existencia,artificial,Undirected,4.00
existencia,conceitos,Undirected,6.00
existencia,parcial,Undirected,64.00
existencia,modos,Undirected,12.00
existencia,ator,Undirected,4.00
existencia,rede,Undirected,2.00
existencia,significa,Undirected,6.00
existencia,visivel,Undirected,2.00
existencia,entidades,Undirected,8.00
existencia,distribuida,Undirected,2.00
existencia,modelo,Undirected,2.00
existencia,termos,Undirected,6.00
existencia,existencias,Undirected,4.00
existencia,parciais,Undirected,6.00
existencia,centro,Undirected,6.00
existencia,projetos,Undirected,6.00
existencia,spira,Undirected,4.00
existencia,simetria,Undirected,2.00
existencia,regra,Undirected,4.00
existencia,metodo,Undirected,6.00
existencia,descricao,Undirected,4.00
metodo,politica,Undirected,6.00
metodo,projetos,Undirected,2.00
metodo,pratica,Undirected,7.00
metodo,tecnicas,Undirected,7.00
metodo,dado,Undirected,5.00
metodo,descricao,Undirected,3.00
metodo,ontologia,Undirected,2.00
metodo,pergunta,Undirected,3.00
metodo,questao,Undirected,3.00
metodo,centro,Undirected,3.00
metodo,temporal,Undirected,2.00
metodo,rede,Undirected,2.00
metodo,constitui,Undirected,5.00
metodo,presenca,Undirected,3.00
metodo,gesto,Undirected,18.00
metodo,recusa,Undirected,8.00
metodo,parte,Undirected,8.00
metodo,conversa,Undirected,2.00
metodo,operacao,Undirected,2.00
metodo,claude,Undirected,6.00
metodo,composicao,Undirected,4.00
metodo,latour,Undirected,4.00
metodo,regra,Undirected,24.00
metodo,escrita,Undirected,2.00
metodo,inscricao,Undirected,4.00
metodo,conteudo,Undirected,2.00
metodo,tecnociencia,Undirected,6.00
metodo,simetria,Undirected,16.00
metodo,existencias,Undirected,6.00
metodo,parciais,Undirected,4.00
metodo,pesquisa,Undirected,4.00
metodo,revelou,Undirected,6.00
metodo,recursos,Undirected,6.00
metodo,teoria,Undirected,4.00
metodo,ator,Undirected,2.00
metodo,parcial,Undirected,4.00
metodo,cadeia,Undirected,2.00
metodo,sociais,Undirected,2.00
metodo,laboratorio,Undirected,2.00
metodo,precisamente,Undirected,2.00
tecnico,descrever,Undirected,8.00
tecnico,spira,Undirected,16.00
tecnico,pesquisa,Undirected,8.00
tecnico,termos,Undirected,4.00
tecnico,letramento,Undirected,80.00
tecnico,condicao,Undirected,10.00
tecnico,social,Undirected,16.00
tecnico,rede,Undirected,4.00
tecnico,colaboracao,Undirected,2.00
tecnico,conhecimento,Undirected,22.00
tecnico,inteligencia,Undirected,8.00
tecnico,artificial,Undirected,12.00
tecnico,centro,Undirected,4.00
tecnico,tornava,Undirected,6.00
tecnico,sociais,Undirected,6.00
tecnico,gesto,Undirected,6.00
tecnico,laboratorio,Undirected,2.00
tecnico,simondon,Undirected,4.00
tecnico,pesquisador,Undirected,2.00
parte,cientifico,Undirected,2.00
parte,latour,Undirected,2.00
parte,pesquisa,Undirected,3.00
parte,questao,Undirected,2.00
parte,percurso,Undirected,6.00
parte,gesto,Undirected,6.00
parte,composicao,Undirected,30.00
parte,claude,Undirected,36.00
parte,escrita,Undirected,42.00
parte,pesquisador,Undirected,16.00
parte,modelo,Undirected,8.00
parte,diagrama,Undirected,2.00
parte,acesso,Undirected,4.00
parte,tecnologia,Undirected,2.00
parte,rede,Undirected,8.00
parte,interlocutores,Undirected,8.00
parte,analise,Undirected,6.00
parte,precisamente,Undirected,4.00
relacoes,entidades,Undirected,3.00
relacoes,significa,Undirected,4.00
relacoes,presente,Undirected,7.00
relacoes,inscricao,Undirected,4.00
relacoes,codigo,Undirected,6.00
relacoes,modelo,Undirected,10.00
relacoes,condicao,Undirected,2.00
relacoes,possibilidade,Undirected,4.00
relacoes,diagrama,Undirected,4.00
relacoes,centro,Undirected,2.00
relacoes,rede,Undirected,6.00
relacoes,letramento,Undirected,2.00
relacoes,revelou,Undirected,6.00
relacoes,conhecimento,Undirected,4.00
relacoes,presenca,Undirected,2.00
modos,descrever,Undirected,2.00
modos,ator,Undirected,2.00
modos,inteligencia,Undirected,6.00
modos,composicao,Undirected,4.00
modos,operacao,Undirected,6.00
modos,aliancas,Undirected,4.00
modos,tecnicas,Undirected,4.00
modos,conhecimento,Undirected,6.00
modos,diferentes,Undirected,10.00
modos,produzem,Undirected,4.00
modos,relacao,Undirected,4.00
modos,colaboracao,Undirected,4.00
teoria,ator,Undirected,60.00
teoria,rede,Undirected,40.00
teoria,cadeia,Undirected,4.00
teoria,familiaridade,Undirected,4.00
teoria,simetria,Undirected,8.00
teoria,existencias,Undirected,4.00
teoria,parciais,Undirected,2.00
teoria,observacao,Undirected,2.00
teoria,teria,Undirected,4.00
teoria,letramento,Undirected,6.00
tecnologia,sociais,Undirected,2.00
tecnologia,mundo,Undirected,3.00
tecnologia,latour,Undirected,2.00
tecnologia,pergunta,Undirected,3.00
tecnologia,ontologia,Undirected,3.00
tecnologia,descricao,Undirected,3.00
tecnologia,cientifico,Undirected,3.00
tecnologia,nocao,Undirected,6.00
tecnologia,composicao,Undirected,2.00
tecnologia,resultados,Undirected,2.00
tecnologia,simondon,Undirected,4.00
tecnologia,conhecimento,Undirected,4.00
tecnologia,colaboracao,Undirected,6.00
tecnologia,escrita,Undirected,4.00
tecnologia,ideia,Undirected,6.00
tecnologia,pensamento,Undirected,2.00
tecnologia,trata,Undirected,6.00
tecnologia,infraestrutura,Undirected,2.00
escrita,questao,Undirected,5.00
escrita,linguagem,Undirected,4.00
escrita,pensamento,Undirected,6.00
escrita,agencia,Undirected,4.00
escrita,distribuida,Undirected,2.00
escrita,claude,Undirected,74.00
escrita,revelou,Undirected,6.00
escrita,tornou,Undirected,6.00
escrita,possibilidade,Undirected,4.00
escrita,descricao,Undirected,2.00
escrita,pratica,Undirected,6.00
escrita,produz,Undirected,2.00
escrita,mediacao,Undirected,4.00
escrita,significa,Undirected,2.00
escrita,diagrama,Undirected,4.00
escrita,composicao,Undirected,45.00
escrita,pesquisador,Undirected,4.00
escrita,modelo,Undirected,4.00
escrita,pesquisa,Undirected,2.00
escrita,relacao,Undirected,6.00
escrita,teorico,Undirected,4.00
escrita,codigo,Undirected,2.00
escrita,colaboracao,Undirected,6.00
cientifico,pensamento,Undirected,3.00
cientifico,conhecimento,Undirected,3.00
cientifico,infraestrutura,Undirected,3.00
cientifico,computacao,Undirected,4.00
cientifico,pesquisa,Undirected,5.00
cientifico,analise,Undirected,2.00
cientifico,inscricao,Undirected,12.00
cientifico,dado,Undirected,3.00
cientifico,aliancas,Undirected,3.00
cientifico,marcelo,Undirected,3.00
cientifico,colaboracao,Undirected,6.00
cientifico,politica,Undirected,6.00
cientifico,teria,Undirected,8.00
cientifico,decisao,Undirected,12.00
cientifico,rede,Undirected,6.00
operam,diagrama,Undirected,13.00
operam,registro,Undirected,9.00
operam,pratica,Undirected,2.00
operam,ator,Undirected,2.00
operam,conceituais,Undirected,4.00
operam,significa,Undirected,2.00
operam,conversa,Undirected,6.00
operam,modelo,Undirected,2.00
operam,visivel,Undirected,2.00
conhecimento,pensamento,Undirected,2.00
conhecimento,mediacao,Undirected,2.00
conhecimento,significa,Undirected,4.00
conhecimento,sociais,Undirected,8.00
conhecimento,produz,Undirected,8.00
conhecimento,condicao,Undirected,4.00
conhecimento,tecnicas,Undirected,2.00
conhecimento,inscricao,Undirected,2.00
conhecimento,condicoes,Undirected,2.00
conhecimento,acesso,Undirected,6.00
conhecimento,pesquisa,Undirected,8.00
conhecimento,gesto,Undirected,2.00
conhecimento,experiencia,Undirected,6.00
conhecimento,diferentes,Undirected,6.00
conhecimento,inteligencia,Undirected,10.00
conhecimento,artificial,Undirected,8.00
conhecimento,constitui,Undirected,6.00
conhecimento,familiaridade,Undirected,4.00
conhecimento,tornava,Undirected,4.00
conhecimento,revelou,Undirected,2.00
conhecimento,simondon,Undirected,2.00
conhecimento,laboratorio,Undirected,2.00
epistemica,pesquisador,Undirected,8.00
epistemica,experiencia,Undirected,4.00
epistemica,operacao,Undirected,6.00
epistemica,ideia,Undirected,2.00
epistemica,agencia,Undirected,6.00
epistemica,composicao,Undirected,4.00
epistemica,modelo,Undirected,2.00
epistemica,responsabilidade,Undirected,6.00
conteudo,presente,Undirected,2.00
conteudo,versoes,Undirected,6.00
conteudo,pratica,Undirected,4.00
conteudo,responsabilidade,Undirected,4.00
parcial,rede,Undirected,3.00
parcial,artificial,Undirected,2.00
parcial,conceitos,Undirected,4.00
parcial,agencia,Undirected,8.00
parcial,distribuida,Undirected,4.00
parcial,entidades,Undirected,6.00
parcial,significa,Undirected,4.00
parcial,visivel,Undirected,4.00
parcial,nocao,Undirected,4.00
parcial,composicao,Undirected,6.00
parcial,pesquisador,Undirected,6.00
parcial,diferentes,Undirected,2.00
parcial,termos,Undirected,4.00
parcial,existencias,Undirected,2.00
parcial,parciais,Undirected,4.00
parcial,pesquisa,Undirected,2.00
parcial,regra,Undirected,2.00
parcial,descricao,Undirected,6.00
pratica,presente,Undirected,4.00
pratica,pesquisa,Undirected,22.00
pratica,tecnicas,Undirected,18.00
pratica,marcelo,Undirected,12.00
pratica,rede,Undirected,5.00
pratica,observacao,Undirected,2.00
pratica,diferentes,Undirected,4.00
pratica,questao,Undirected,11.00
pratica,pergunta,Undirected,8.00
pratica,produzem,Undirected,9.00
pratica,versoes,Undirected,2.00
pratica,analise,Undirected,2.00
pratica,descricao,Undirected,3.00
pratica,dado,Undirected,2.00
pratica,termos,Undirected,3.00
pratica,inscricao,Undirected,2.00
pratica,claude,Undirected,10.00
pratica,composicao,Undirected,6.00
pratica,cadeia,Undirected,6.00
pratica,tecnociencia,Undirected,12.00
pratica,inteligencia,Undirected,8.00
pratica,artificial,Undirected,4.00
pratica,precisamente,Undirected,4.00
sociais,significa,Undirected,8.00
sociais,dado,Undirected,10.00
sociais,condicao,Undirected,6.00
sociais,analise,Undirected,4.00
sociais,presente,Undirected,4.00
sociais,condicoes,Undirected,6.00
sociais,inteligencia,Undirected,6.00
sociais,pesquisador,Undirected,2.00
sociais,experiencia,Undirected,6.00
sociais,computacao,Undirected,4.00
sociais,artificial,Undirected,2.00
sociais,conceituais,Undirected,4.00
sociais,pesquisa,Undirected,2.00
sociais,letramento,Undirected,6.00
sociais,decisao,Undirected,4.00
sociais,aliancas,Undirected,2.00
spira,projetos,Undirected,9.00
spira,descrever,Undirected,4.00
spira,cadeia,Undirected,6.00
spira,composicao,Undirected,4.00
spira,claude,Undirected,2.00
spira,rede,Undirected,4.00
spira,centro,Undirected,6.00
spira,marcelo,Undirected,2.00
spira,modelo,Undirected,6.00
spira,conceitos,Undirected,2.00
spira,laboratorio,Undirected,4.00
regra,claude,Undirected,6.00
regra,simetria,Undirected,8.00
regra,latour,Undirected,20.00
regra,acao,Undirected,2.00
regra,tecnociencia,Undirected,2.00
regra,pesquisa,Undirected,6.00
regra,revelou,Undirected,4.00
regra,distintas,Undirected,6.00
regra,tornou,Undirected,2.00
regra,visivel,Undirected,4.00
entidades,existencias,Undirected,10.00
entidades,composicao,Undirected,2.00
entidades,pesquisador,Undirected,2.00
entidades,modelo,Undirected,4.00
entidades,constitui,Undirected,4.00
entidades,parciais,Undirected,6.00
recusa,gesto,Undirected,2.00
recusa,trata,Undirected,4.00
recusa,propoe,Undirected,2.00
recusa,diferentes,Undirected,4.00
teria,propoe,Undirected,4.00
teria,nenhum,Undirected,2.00
teria,faire,Undirected,2.00
teria,laboratorio,Undirected,2.00
teria,observacao,Undirected,6.00
teria,ator,Undirected,2.00
teria,centro,Undirected,2.00
teria,decisao,Undirected,2.00
nenhum,produz,Undirected,4.00
nenhum,resultados,Undirected,12.00
nenhum,acao,Undirected,2.00
nenhum,produzem,Undirected,4.00
nenhum,composicao,Undirected,4.00
nenhum,pesquisa,Undirected,6.00
nenhum,modelo,Undirected,4.00
nenhum,social,Undirected,6.00
nenhum,pesquisador,Undirected,2.00
nenhum,termos,Undirected,4.00
nenhum,relacao,Undirected,2.00
inteligencia,artificial,Undirected,185.00
inteligencia,centro,Undirected,9.00
inteligencia,vocabulario,Undirected,4.00
inteligencia,conceituais,Undirected,2.00
inteligencia,composicao,Undirected,12.00
inteligencia,colaboracao,Undirected,6.00
inteligencia,pesquisa,Undirected,26.00
inteligencia,claude,Undirected,4.00
inteligencia,pesquisador,Undirected,6.00
inteligencia,tecnociencia,Undirected,6.00
inteligencia,letramento,Undirected,6.00
inteligencia,interlocutores,Undirected,2.00
inteligencia,descrever,Undirected,2.00
laboratorio,pesquisa,Undirected,13.00
laboratorio,claude,Undirected,2.00
laboratorio,pesquisador,Undirected,14.00
laboratorio,rede,Undirected,2.00
laboratorio,tecnociencia,Undirected,4.00
laboratorio,inscricao,Undirected,6.00
laboratorio,significa,Undirected,4.00
laboratorio,centro,Undirected,6.00
laboratorio,artificial,Undirected,2.00
laboratorio,presenca,Undirected,6.00
laboratorio,observacao,Undirected,4.00
laboratorio,computacao,Undirected,10.00
laboratorio,conceitos,Undirected,8.00
laboratorio,letramento,Undirected,2.00
tornou,relacao,Undirected,5.00
tornou,visivel,Undirected,12.00
tornou,temporal,Undirected,2.00
tornou,multiplicidade,Undirected,2.00
tornou,rede,Undirected,4.00
tornou,agencia,Undirected,4.00
tornou,distribuida,Undirected,2.00
tornou,revelou,Undirected,4.00
tornou,possibilidade,Undirected,6.00
tornou,descricao,Undirected,4.00
tornou,aliancas,Undirected,4.00
tornou,vocabulario,Undirected,2.00
tornou,existencias,Undirected,4.00
tornou,parciais,Undirected,6.00
tornou,recursos,Undirected,2.00
observacao,pesquisador,Undirected,4.00
observacao,letramento,Undirected,6.00
observacao,registro,Undirected,2.00
observacao,pergunta,Undirected,2.00
observacao,computacao,Undirected,4.00
diferentes,distintas,Undirected,2.00
diferentes,versoes,Undirected,3.00
diferentes,centro,Undirected,3.00
diferentes,rede,Undirected,5.00
diferentes,produzem,Undirected,13.00
diferentes,claude,Undirected,2.00
diferentes,ontologia,Undirected,4.00
diferentes,social,Undirected,2.00
diferentes,pesquisador,Undirected,2.00
diferentes,letramento,Undirected,2.00
social,politica,Undirected,6.00
social,centro,Undirected,2.00
social,condicao,Undirected,2.00
social,pesquisa,Undirected,6.00
social,linguagem,Undirected,4.00
social,mundo,Undirected,6.00
social,computacao,Undirected,4.00
social,presenca,Undirected,4.00
social,pesquisador,Undirected,4.00
social,letramento,Undirected,4.00
social,colaboracao,Undirected,6.00
parciais,relacao,Undirected,2.00
parciais,versoes,Undirected,3.00
parciais,serem,Undirected,2.00
parciais,existencias,Undirected,84.00
parciais,composicao,Undirected,2.00
parciais,simetria,Undirected,10.00
parciais,nocao,Undirected,2.00
parciais,descrever,Undirected,4.00
parciais,distintas,Undirected,4.00
parciais,registro,Undirected,2.00
parciais,teorico,Undirected,2.00
parciais,pesquisa,Undirected,4.00
parciais,latour,Undirected,2.00
parciais,vocabulario,Undirected,4.00
parciais,modelo,Undirected,4.00
parciais,linguagem,Undirected,2.00
acesso,pesquisa,Undirected,8.00
acesso,dado,Undirected,3.00
acesso,analise,Undirected,3.00
acesso,claude,Undirected,6.00
acesso,condicoes,Undirected,10.00
acesso,multiplicidade,Undirected,2.00
acesso,composicao,Undirected,2.00
acesso,modelo,Undirected,6.00
acesso,diagrama,Undirected,6.00
acesso,colaboracao,Undirected,4.00
acesso,latour,Undirected,2.00
acesso,percurso,Undirected,6.00
acesso,tecnicas,Undirected,4.00
acesso,vocabulario,Undirected,2.00
conversa,claude,Undirected,2.00
questao,pesquisa,Undirected,6.00
questao,latour,Undirected,6.00
questao,propoe,Undirected,4.00
questao,presente,Undirected,4.00
questao,interlocutores,Undirected,4.00
questao,significa,Undirected,2.00
questao,pesquisador,Undirected,2.00
distintas,analise,Undirected,5.00
distintas,versoes,Undirected,2.00
distintas,existencias,Undirected,2.00
distintas,dado,Undirected,4.00
distintas,latour,Undirected,4.00
temporal,pesquisa,Undirected,5.00
temporal,dado,Undirected,2.00
temporal,latour,Undirected,2.00
temporal,entrevistas,Undirected,2.00
temporal,claude,Undirected,4.00
temporal,registro,Undirected,6.00
mediacao,propoe,Undirected,2.00
mediacao,precisamente,Undirected,6.00
mediacao,pesquisador,Undirected,14.00
mediacao,significa,Undirected,6.00
mediacao,modelo,Undirected,4.00
mediacao,relacao,Undirected,2.00
mediacao,revelou,Undirected,6.00
referencias,colaboracao,Undirected,6.00
referencias,pesquisador,Undirected,2.00
referencias,relacao,Undirected,6.00
referencias,codigo,Undirected,2.00
referencias,claude,Undirected,2.00
referencias,cadeia,Undirected,6.00
multiplicidade,ontologia,Undirected,23.00
multiplicidade,trata,Undirected,3.00
multiplicidade,visivel,Undirected,3.00
multiplicidade,claude,Undirected,8.00
multiplicidade,precisamente,Undirected,4.00
multiplicidade,colaboracao,Undirected,6.00
multiplicidade,relacao,Undirected,4.00
multiplicidade,vocabulario,Undirected,6.00
multiplicidade,conceitos,Undirected,2.00
existencias,simetria,Undirected,16.00
existencias,descrever,Undirected,6.00
existencias,agencia,Undirected,4.00
existencias,teorico,Undirected,4.00
existencias,pesquisa,Undirected,2.00
existencias,latour,Undirected,4.00
existencias,vocabulario,Undirected,6.00
existencias,registro,Undirected,2.00
existencias,modelo,Undirected,2.00
existencias,rede,Undirected,2.00
possibilidade,rede,Undirected,4.00
possibilidade,revelou,Undirected,2.00
possibilidade,descricao,Undirected,6.00
possibilidade,cadeia,Undirected,2.00
possibilidade,condicao,Undirected,6.00
possibilidade,versoes,Undirected,2.00
possibilidade,condicoes,Undirected,12.00
possibilidade,pesquisa,Undirected,6.00
possibilidade,trata,Undirected,4.00
conceituais,inscricao,Undirected,2.00
conceituais,rede,Undirected,7.00
conceituais,responsabilidade,Undirected,2.00
conceituais,formulacoes,Undirected,6.00
conceituais,modelo,Undirected,6.00
rede,centro,Undirected,22.00
rede,projetos,Undirected,2.00
rede,visivel,Undirected,2.00
rede,produz,Undirected,2.00
rede,descricao,Undirected,4.00
rede,pesquisa,Undirected,9.00
rede,aliancas,Undirected,4.00
rede,dado,Undirected,2.00
rede,teorico,Undirected,2.00
rede,inscricao,Undirected,3.00
rede,marcelo,Undirected,7.00
rede,trata,Undirected,2.00
rede,latour,Undirected,4.00
rede,nocao,Undirected,6.00
rede,presente,Undirected,3.00
rede,ator,Undirected,78.00
rede,composicao,Undirected,10.00
rede,acao,Undirected,6.00
rede,faire,Undirected,6.00
rede,agencia,Undirected,22.00
rede,distribuida,Undirected,16.00
rede,claude,Undirected,2.00
rede,letramento,Undirected,4.00
rede,responsabilidade,Undirected,2.00
rede,tecnociencia,Undirected,18.00
rede,cadeia,Undirected,8.00
rede,colaboracao,Undirected,6.00
rede,gesto,Undirected,4.00
rede,interlocutores,Undirected,6.00
rede,pesquisador,Undirected,24.00
rede,decisao,Undirected,6.00
rede,percurso,Undirected,2.00
artificial,centro,Undirected,6.00
artificial,conceitos,Undirected,6.00
artificial,composicao,Undirected,4.00
artificial,vocabulario,Undirected,4.00
artificial,latour,Undirected,2.00
artificial,pesquisa,Undirected,22.00
artificial,claude,Undirected,2.00
artificial,pesquisador,Undirected,2.00
artificial,colaboracao,Undirected,4.00
artificial,tecnociencia,Undirected,4.00
artificial,letramento,Undirected,10.00
artificial,interlocutores,Undirected,4.00
artificial,modelo,Undirected,2.00
artificial,descrever,Undirected,4.00
constitui,composicao,Undirected,2.00
constitui,claude,Undirected,12.00
constitui,condicoes,Undirected,2.00
constitui,modelo,Undirected,6.00
constitui,produz,Undirected,4.00
constitui,diagrama,Undirected,6.00
constitui,latour,Undirected,4.00
constitui,familiaridade,Undirected,2.00
constitui,pesquisa,Undirected,6.00
constitui,politica,Undirected,2.00
propoe,latour,Undirected,6.00
propoe,vocabulario,Undirected,2.00
propoe,relacao,Undirected,4.00
propoe,termos,Undirected,2.00
propoe,analise,Undirected,4.00
linguagem,pesquisa,Undirected,4.00
linguagem,computacao,Undirected,2.00
linguagem,pensamento,Undirected,6.00
linguagem,modelo,Undirected,84.00
linguagem,tecnicas,Undirected,2.00
linguagem,pesquisador,Undirected,8.00
linguagem,agencia,Undirected,2.00
linguagem,composicao,Undirected,6.00
linguagem,claude,Undirected,4.00
linguagem,colaboracao,Undirected,4.00
linguagem,dado,Undirected,8.00
linguagem,analise,Undirected,4.00
condicao,mundo,Undirected,6.00
condicao,ontologia,Undirected,12.00
condicao,pesquisador,Undirected,4.00
condicao,modelo,Undirected,8.00
condicao,analise,Undirected,6.00
condicao,letramento,Undirected,2.00
condicao,composicao,Undirected,4.00
condicao,produz,Undirected,6.00
condicao,diagrama,Undirected,4.00
condicao,significa,Undirected,2.00
condicao,familiaridade,Undirected,2.00
condicao,simetria,Undirected,4.00
condicao,pergunta,Undirected,2.00
condicao,aliancas,Undirected,4.00
simetria,descricao,Undirected,4.00
simetria,vocabulario,Undirected,10.00
simetria,serem,Undirected,2.00
simetria,nocao,Undirected,10.00
simetria,latour,Undirected,10.00
simetria,familiaridade,Undirected,8.00
presente,registro,Undirected,2.00
presente,marcelo,Undirected,2.00
presente,condicoes,Undirected,2.00
composicao,revelou,Undirected,5.00
composicao,mundo,Undirected,4.00
composicao,pesquisador,Undirected,18.00
composicao,produz,Undirected,18.00
composicao,acao,Undirected,2.00
composicao,distribuida,Undirected,4.00
composicao,vocabulario,Undirected,6.00
composicao,modelo,Undirected,14.00
composicao,claude,Undirected,65.00
composicao,agencia,Undirected,4.00
composicao,cadeia,Undirected,4.00
composicao,faire,Undirected,6.00
composicao,gesto,Undirected,2.00
composicao,dado,Undirected,4.00
composicao,relacao,Undirected,2.00
composicao,significa,Undirected,2.00
composicao,precisamente,Undirected,4.00
composicao,pesquisa,Undirected,6.00
composicao,analise,Undirected,2.00
composicao,termos,Undirected,2.00
composicao,experiencia,Undirected,2.00
composicao,ator,Undirected,2.00
composicao,marcelo,Undirected,6.00
composicao,aliancas,Undirected,4.00
trata,serem,Undirected,2.00
trata,aliancas,Undirected,4.00
trata,produzem,Undirected,2.00
trata,termos,Undirected,4.00
trata,colaboracao,Undirected,6.00
trata,pesquisa,Undirected,6.00
trata,teorico,Undirected,2.00
trata,pensamento,Undirected,4.00
trata,descrever,Undirected,4.00
trata,condicoes,Undirected,6.00
ideia,latour,Undirected,2.00
ideia,mundo,Undirected,3.00
ideia,modelo,Undirected,4.00
ideia,tornava,Undirected,2.00
ideia,computacao,Undirected,4.00
pesquisador,diagrama,Undirected,6.00
pesquisador,centro,Undirected,7.00
pesquisador,marcelo,Undirected,8.00
pesquisador,percurso,Undirected,2.00
pesquisador,serem,Undirected,4.00
pesquisador,ontologia,Undirected,6.00
pesquisador,modelo,Undirected,56.00
pesquisador,distribuida,Undirected,8.00
pesquisador,cadeia,Undirected,4.00
pesquisador,latour,Undirected,2.00
pesquisador,relacao,Undirected,10.00
pesquisador,claude,Undirected,26.00
pesquisador,experiencia,Undirected,6.00
pesquisador,colaboracao,Undirected,6.00
pesquisador,precisamente,Undirected,2.00
pesquisador,produzem,Undirected,2.00
pesquisador,resultados,Undirected,4.00
pesquisador,vocabulario,Undirected,4.00
pesquisador,teorico,Undirected,2.00
pesquisador,registro,Undirected,4.00
pesquisador,entrevistas,Undirected,2.00
pesquisador,recursos,Undirected,4.00
pesquisador,revelou,Undirected,4.00
pesquisador,interlocutores,Undirected,2.00
pesquisador,termos,Undirected,12.00
pesquisador,tornava,Undirected,2.00
pesquisador,letramento,Undirected,8.00
pesquisador,pesquisa,Undirected,2.00
pesquisador,descricao,Undirected,2.00
pesquisador,pergunta,Undirected,2.00
pesquisador,infraestrutura,Undirected,4.00
condicoes,claude,Undirected,6.00
condicoes,termos,Undirected,6.00
condicoes,pesquisa,Undirected,12.00
condicoes,pergunta,Undirected,2.00
condicoes,descrever,Undirected,2.00
mundo,latour,Undirected,4.00
mundo,pergunta,Undirected,7.00
mundo,ontologia,Undirected,2.00
mundo,inscricao,Undirected,3.00
mundo,produz,Undirected,4.00
mundo,nocao,Undirected,6.00
mundo,agencia,Undirected,2.00
mundo,produzem,Undirected,4.00
conceitos,modelo,Undirected,4.00
conceitos,vocabulario,Undirected,2.00
conceitos,ontologia,Undirected,4.00
conceitos,percurso,Undirected,2.00
distribuida,agencia,Undirected,58.00
distribuida,nocao,Undirected,2.00
distribuida,latour,Undirected,6.00
distribuida,teorico,Undirected,4.00
distribuida,vocabulario,Undirected,2.00
distribuida,cadeia,Undirected,12.00
distribuida,pensamento,Undirected,4.00
distribuida,responsabilidade,Undirected,4.00
distribuida,centro,Undirected,2.00
distribuida,visivel,Undirected,2.00
analise,entrevistas,Undirected,2.00
analise,pesquisa,Undirected,2.00
analise,dado,Undirected,18.00
analise,claude,Undirected,2.00
analise,diagrama,Undirected,4.00
analise,modelo,Undirected,2.00
versoes,relacao,Undirected,3.00
versoes,produzem,Undirected,3.00
versoes,centro,Undirected,2.00
versoes,dado,Undirected,2.00
versoes,modelo,Undirected,6.00
versoes,claude,Undirected,2.00
politica,descrever,Undirected,2.00
politica,pesquisa,Undirected,6.00
politica,recursos,Undirected,2.00
politica,tornava,Undirected,4.00
politica,visivel,Undirected,2.00
politica,decisao,Undirected,8.00
faire,responsabilidade,Undirected,6.00
faire,acao,Undirected,20.00
faire,formulacoes,Undirected,6.00
faire,latour,Undirected,6.00
faire,agencia,Undirected,10.00
faire,diagrama,Undirected,6.00
marcelo,tecnicas,Undirected,8.00
marcelo,pesquisa,Undirected,2.00
latour,acao,Undirected,14.00
latour,pesquisa,Undirected,9.00
latour,pergunta,Undirected,3.00
latour,nocao,Undirected,4.00
latour,teorico,Undirected,6.00
latour,agencia,Undirected,12.00
latour,vocabulario,Undirected,6.00
latour,modelo,Undirected,4.00
latour,diagrama,Undirected,2.00
latour,presenca,Undirected,2.00
latour,visivel,Undirected,2.00
latour,operacao,Undirected,4.00
latour,tornava,Undirected,2.00
latour,precisamente,Undirected,4.00
pensamento,agencia,Undirected,4.00
pensamento,produz,Undirected,6.00
pensamento,cadeia,Undirected,4.00
decisao,pesquisa,Undirected,4.00
decisao,significa,Undirected,6.00
decisao,centro,Undirected,2.00
decisao,recursos,Undirected,8.00
decisao,agencia,Undirected,6.00
tornava,modelo,Undirected,6.00
tornava,visivel,Undirected,16.00
tornava,centro,Undirected,2.00
tornava,cadeia,Undirected,4.00
tornava,pesquisa,Undirected,6.00
tornava,agencia,Undirected,2.00
produz,tecnociencia,Undirected,2.00
produz,descricao,Undirected,3.00
produz,resultados,Undirected,6.00
produz,nocao,Undirected,2.00
produz,cadeia,Undirected,4.00
produz,diagrama,Undirected,12.00
produz,interlocutores,Undirected,2.00
produz,gesto,Undirected,4.00
produz,experiencia,Undirected,4.00
revelou,pesquisa,Undirected,16.00
revelou,percurso,Undirected,8.00
revelou,vocabulario,Undirected,4.00
revelou,letramento,Undirected,4.00
resultados,pesquisa,Undirected,4.00
resultados,modelo,Undirected,6.00
resultados,responsabilidade,Undirected,2.00
resultados,acao,Undirected,4.00
resultados,produzem,Undirected,16.00
resultados,teorico,Undirected,4.00
letramento,vocabulario,Undirected,2.00
letramento,termos,Undirected,6.00
letramento,ator,Undirected,4.00
letramento,gesto,Undirected,4.00
letramento,interlocutores,Undirected,2.00
presenca,pergunta,Undirected,6.00
presenca,recursos,Undirected,2.00
simondon,nocao,Undirected,4.00
inscricao,pesquisa,Undirected,7.00
inscricao,cadeia,Undirected,2.00
inscricao,diagrama,Undirected,12.00
inscricao,colaboracao,Undirected,6.00
inscricao,codigo,Undirected,4.00
inscricao,agencia,Undirected,4.00
modelo,dado,Undirected,14.00
modelo,codigo,Undirected,8.00
modelo,tecnicas,Undirected,4.00
modelo,ontologia,Undirected,4.00
modelo,cadeia,Undirected,2.00
modelo,diagrama,Undirected,6.00
modelo,claude,Undirected,32.00
modelo,relacao,Undirected,4.00
modelo,vocabulario,Undirected,2.00
modelo,termos,Undirected,8.00
modelo,registro,Undirected,2.00
modelo,pesquisa,Undirected,8.00
modelo,colaboracao,Undirected,6.00
modelo,descricao,Undirected,2.00
modelo,infraestrutura,Undirected,8.00
modelo,computacao,Undirected,4.00
vocabulario,relacao,Undirected,8.00
vocabulario,descricao,Undirected,6.00
vocabulario,agencia,Undirected,4.00
vocabulario,experiencia,Undirected,4.00
vocabulario,pesquisa,Undirected,8.00
vocabulario,termos,Undirected,6.00
vocabulario,operacao,Undirected,4.00
vocabulario,teorico,Undirected,6.00
vocabulario,ontologia,Undirected,4.00
vocabulario,tecnicas,Undirected,6.00
serem,operacao,Undirected,4.00
serem,relacao,Undirected,2.00
ontologia,descricao,Undirected,2.00
ontologia,pergunta,Undirected,3.00
ontologia,claude,Undirected,6.00
ontologia,relacao,Undirected,2.00
precisamente,claude,Undirected,10.00
precisamente,familiaridade,Undirected,2.00
precisamente,pergunta,Undirected,6.00
precisamente,recursos,Undirected,4.00
precisamente,tecnociencia,Undirected,2.00
formulacoes,acao,Undirected,4.00
nocao,agencia,Undirected,4.00
percurso,colaboracao,Undirected,6.00
percurso,termos,Undirected,6.00
percurso,pesquisa,Undirected,16.00
percurso,cadeia,Undirected,2.00
codigo,pesquisa,Undirected,3.00
codigo,diagrama,Undirected,2.00
codigo,claude,Undirected,4.00
codigo,descricao,Undirected,4.00
recursos,pesquisa,Undirected,6.00
recursos,pergunta,Undirected,4.00
recursos,relacao,Undirected,6.00
teorico,descricao,Undirected,2.00
teorico,agencia,Undirected,2.00
teorico,claude,Undirected,2.00
projetos,centro,Undirected,8.00
projetos,pesquisa,Undirected,6.00
diagrama,descricao,Undirected,2.00
diagrama,colaboracao,Undirected,4.00
diagrama,cadeia,Undirected,2.00
diagrama,agencia,Undirected,6.00
diagrama,acao,Undirected,6.00
diagrama,computacao,Undirected,4.00
diagrama,visivel,Undirected,4.00
diagrama,registro,Undirected,4.00
claude,produzem,Undirected,6.00
claude,dado,Undirected,4.00
claude,pergunta,Undirected,4.00
claude,colaboracao,Undirected,20.00
claude,agencia,Undirected,4.00
claude,registro,Undirected,8.00
claude,pesquisa,Undirected,4.00
produzem,responsabilidade,Undirected,4.00
produzem,acao,Undirected,6.00
produzem,termos,Undirected,6.00
produzem,pesquisa,Undirected,6.00
agencia,cadeia,Undirected,14.00
agencia,responsabilidade,Undirected,6.00
agencia,visivel,Undirected,6.00
tecnicas,pesquisa,Undirected,4.00
tecnicas,experiencia,Undirected,2.00
tecnociencia,gesto,Undirected,6.00
tecnociencia,pesquisa,Undirected,2.00
tecnociencia,centro,Undirected,6.00
tecnociencia,termos,Undirected,2.00
pergunta,operacao,Undirected,6.00
pergunta,significa,Undirected,2.00
pergunta,pesquisa,Undirected,16.00
pergunta,dado,Undirected,6.00
pergunta,familiaridade,Undirected,4.00
pergunta,computacao,Undirected,10.00
registro,visivel,Undirected,2.00
dado,pesquisa,Undirected,6.00
dado,entrevistas,Undirected,2.00
dado,familiaridade,Undirected,6.00
relacao,descricao,Undirected,4.00
relacao,termos,Undirected,6.00
relacao,operacao,Undirected,4.00
entrevistas,ator,Undirected,2.00
entrevistas,interlocutores,Undirected,8.00
descricao,cadeia,Undirected,4.00
acao,responsabilidade,Undirected,18.00
acao,ator,Undirected,2.00
operacao,aliancas,Undirected,6.00
operacao,significa,Undirected,4.00
operacao,visivel,Undirected,2.00
colaboracao,pesquisa,Undirected,6.00
colaboracao,centro,Undirected,4.00
ator,cadeia,Undirected,2.00
ator,pesquisa,Undirected,2.00
interlocutores,aliancas,Undirected,3.00
interlocutores,significa,Undirected,6.00
interlocutores,gesto,Undirected,6.00
interlocutores,termos,Undirected,6.00
cadeia,pesquisa,Undirected,2.00
centro,significa,Undirected,2.00
centro,pesquisa,Undirected,26.00
descrever,pesquisa,Undirected,6.00
descrever,experiencia,Undirected,2.00
visivel,aliancas,Undirected,2.00
infraestrutura,pesquisa,Undirected,4.00
pesquisa,experiencia,Undirected,11.00
pesquisa,termos,Undirected,2.00
pesquisa,significa,Undirected,6.00
